fecha,hora,personas
2026-09-28,20:39:35,3
2026-09-28,20:39:42,1
2026-09-28,20:39:50,0
2026-09-28,20:39:56,0
2026-09-28,20:40:03,0
2026-09-28,20:40:10,1
2026-09-28,20:40:16,5
2026-09-28,20:40:24,4
2026-09-28,20:40:31,3
2026-09-28,20:40:38,0
2026-09-28,20:40:45,0
2026-09-28,20:40:54,1
2026-09-28,20:41:02,0
2026-09-28,20:41:08,1
2026-09-28,20:41:16,0
2026-09-28,20:41:24,0
2026-09-28,20:41:30,0
2026-09-28,20:41:36,0
2026-09-28,20:41:45,1
2026-09-28,20:41:52,1
2026-09-28,20:41:58,0
2026-09-28,20:42:05,0
2026-09-28,20:42:11,0
2026-09-28,20:42:18,0
2026-09-28,20:42:26,0
2026-09-28,20:42:33,0
2026-09-28,20:42:39,1
2026-09-28,20:42:46,1
2026-09-28,20:42:54,0
