2023-09-11 13:13:45,6
2023-09-11 13:13:46,6
2023-09-11 13:13:48,6
2023-09-11 13:13:49,6
2023-09-11 13:13:50,6
2023-09-11 13:13:51,5
2023-09-11 13:13:53,5
2023-09-11 13:13:54,5
2023-09-11 13:13:55,4
2023-09-11 13:13:56,3
2023-09-11 13:13:58,3
2023-09-11 13:13:59,4
2023-09-11 13:14:00,4
2023-09-11 13:14:01,5
2023-09-11 13:14:02,5
2023-09-11 13:14:04,4
2023-09-11 13:14:05,4
2023-09-11 13:14:06,3
2023-09-11 13:14:08,3
2023-09-11 13:14:09,4
2023-09-11 13:14:10,5
2023-09-11 13:14:11,4
2023-09-11 13:14:13,4
2023-09-11 13:14:14,4
